id,name,categories,lat,long,num_checkins,num_likes,price,rating,num_ratings,url_venue,url_foursquare
4a59b252f964a52083b91fe3,Lake Merced,Lake,37.719472945277204,-122.49438285827635,0,153,,,,http://sfrecpark.org/destination/lake-merced-park/,http://4sq.com/5uh7DL
4c4a1000712ac9287768e56a,B&J Burgers,"Burger Joint, Café",37.72236318406368,-122.39596156128242,0,6,1,5.9,11,https://www.bandjburger.com,http://4sq.com/bCkj1G
4daa3fd9cda1652a2b898141,Kwong's Gourmet,Chinese Restaurant,37.720699,-122.446389,0,0,1,,,,http://4sq.com/g6DpSZ
4ec32d9b6da1b4b242e9fbd5,SGI Discussion Meeting,Building,37.75895309448242,-122.49723815917969,0,0,,,,,http://4sq.com/vGFuzp
59a02e3179187151fdb8e2f0,Mashouf Wellness Center,"Gym / Fitness Center, College Gym",37.722749,-122.484379,0,2,,,,https://member.campusrec.sfsu.edu,http://4sq.com/2wuobyP
5924cacb31fd140982ce8a04,Timeless Eyes,Salon / Barbershop,37.784039,-122.48361,0,0,,,,,http://4sq.com/2ry95pL
4dc6ddf3e4cd169dc6701da0,Twin Peaks Reservoir,"Reservoir, Lake",37.756202659943916,-122.4485492706299,0,4,,,,,http://4sq.com/lF01y5
4a67ca5bf964a5200fca1fe3,S&T Hong Kong Seafood,Dim Sum Restaurant,37.75370241972955,-122.49127836453927,0,54,2,8.0,79,,http://4sq.com/847SHE
4e9f639c722e6c8c40759d5b,Mint SF | Design Consultants,Design Studio,37.75604348979702,-122.44267164704497,0,1,,,,,http://4sq.com/qShHzu
4df2ddc1fa76abc3d86b297c,2967,College Residence Hall,37.791891,-122.443957,0,0,,,,,http://4sq.com/jj1Lk4
519a9ffa498e69b8b60666b8,WI Harper Group,Office,37.79347490470424,-122.39775455632099,0,1,,,,,http://4sq.com/Z8VhP5
56adb5fc498e5de456fe575f,Eye of The Tiger Tattoo,Tattoo Parlor,37.7577888643969,-122.4925374984741,0,0,,,,,http://4sq.com/1PIhMy3
4dce37c3b0fb25f6e33e520c,Jardin Prine,Parking,37.756083,-122.398077,0,0,,,,,http://4sq.com/mok8CG
4afb465ff964a5208a1c22e3,Embarcadero MUNI Metro Station,Light Rail Station,37.792896797602765,-122.3968584127519,0,90,,,,http://www.sfmta.com,http://4sq.com/6UhEUE
4e668981b9939a72b296d40b,The Village 5th Floor Common Room,College Rec Center,37.723622,-122.482555,0,0,,,,,http://4sq.com/pGhZBR
4f74fa2be4b0499541aad429,Baker St Steps,Trail,37.79349278727513,-122.44494974613188,0,2,,,,,http://4sq.com/H11sYv
4b9c9a79f964a5204b7236e3,Kimball,College Residence Hall,37.718818,-122.399196,0,0,,,,,http://4sq.com/9qPhMX
4be22c58660ec928df07c93b,Star Finley,,37.79364883185898,-122.39729542198901,0,0,,,,,http://4sq.com/be2Abv
4e12759eae602afe96c66cca,Wolfpack Clubhouse,,37.794958771834565,-122.44287269579863,0,0,,,,,http://4sq.com/iFyvdo
5be0a05967f62b002c3f4a6e,Twins Holiday,Travel Agency,37.753469,-122.491188,0,0,,,,,https://4sq.com/2F6QIA6
50d905b4e4b088aa3d49a323,Noriega Okazuya,Japanese Restaurant,37.75345970883195,-122.49012690938807,0,0,2,,,,http://4sq.com/Rfxloh
4f6952aae4b0bac6bea8561f,Probrero Chill,,37.75826236402773,-122.39280907629666,0,0,,,,,http://4sq.com/GDfux7
4e6289cf2271573ad7aabc1d,Parking Baker Beach,Surf Spot,37.79414823197996,-122.4781483776165,0,1,,,,,http://4sq.com/nsAGXg
4dffa4c9b61cfaa85ee94382,4 Hour Free Parking,Parking,37.720766,-122.484787,0,0,,,,,http://4sq.com/jeYOUa
4aad79b1f964a520796020e3,Sierra Heights,Residential Building (Apartment / Condo),37.75778050500655,-122.39558415800568,0,2,,,,,http://4sq.com/aSNE71
4e001dfaaeb7fa1f7b068580,Whoville,Police Station,37.7563208,-122.44223876,0,0,,,,,http://4sq.com/jCtcT0
53346f03498e2f5d62883524,Thrive Wellness,Acupuncturist,37.718921058178616,-122.4843954068126,0,0,,,,,http://4sq.com/1m8At1q
4b48ef63f964a5202e5e26e3,2100,,37.790362,-122.446032,0,0,,,,,http://4sq.com/b0BE9E
4d44482dbbb1a143989b4472,Town School for Boys,"Elementary School, Middle School",37.79204088291009,-122.44014322757721,0,1,,,,http://www.townschool.com/page,http://4sq.com/eP6sTi
4e11f4d8ae602afe96c1623f,Rocco's Secret Garden,Garden,37.75861,-122.442509,0,0,,,,,http://4sq.com/mtrd12
4c742f8fc219224bf8229f28,CREDO Mobile,Office,37.79347596021512,-122.39620012958909,0,1,,,,http://credomobile.com,http://4sq.com/aYpmYI
5328c6a8498e743d0625ef27,World School of Massage and Holistic Healing Arts,Medical School,37.78191028660742,-122.492542115591,0,0,,,,http://www.worldschoolmassage.com,http://4sq.com/1gDZ7pE
4b1440caf964a52007a023e3,SUBWAY,"Sandwich Place, Fast Food Restaurant",37.7232877882869,-122.48236437005663,0,2,1,5.6,12,http://www.subway.com,http://4sq.com/bWq9ew
4aea8fe2f964a520e2bb21e3,SF MUNI - 29 Sunset,"Bus Line, Bus Station",37.72120420720021,-122.4474549293518,0,0,,,,http://sfmta.com/getting-around/transit/routes-stops/29-sunset,http://4sq.com/4qjIVm
4ae0a907f964a520638121e3,Safeway,"Grocery Store, Supermarket",37.754172,-122.4888173,0,50,,5.3,136,https://local.pharmacy.safeway.com/safeway-pharmacy/ca/san-francisco/2350-noriega-st.html,http://4sq.com/9mTUz6
4f2412a4e4b04765794a3575,Beatiful Sunrise,Scenic Lookout,37.75769151520699,-122.39638821091295,0,0,,,,,http://4sq.com/zML78b
4de48a34d4c07044059dce47,THE 800 BLK P.H,Other Nightlife,37.755380272865295,-122.3955649137497,0,0,,,,,http://4sq.com/kiodMX
4c804237d92ea093c1713672,The Neighborhood Garden,Garden,37.75889838633717,-122.44627096403529,0,1,,,,,http://4sq.com/assi3r
4b9f07baf964a520d01037e3,Wells Fargo,"Bank, ATM",37.753879487631,-122.4902468919754,0,1,,6.4,4,https://www.wellsfargo.com/locator/bank/2454__NORIEGA__ST_SAN__FRANCISCO_CA_94122/?group=Community_Bank&loc=AC59153,http://4sq.com/bYdE5O
4db5933acda1c57c82716abe,MUNI bus 5401,Bus Line,37.7588684202341,-122.44607414074052,0,0,,,,,http://4sq.com/dKR04W
51b8d93d498ec6404b416191,Le Conte Mini-park,Park,37.717664,-122.395847,0,1,,,,,http://4sq.com/11HP8bu
4c29567f9fb5d13aa2139b57,Twin Peaks Summit,"Scenic Lookout, Hill, Mountain",37.75457824954849,-122.44688093662262,0,1727,,9.5,1982,http://sfrecpark.org/destination/twin-peaks/,http://4sq.com/d1FwdJ
4c9d614b0e9bb1f7d411dd5f,San Francisco Conservation Corps,College Academic Building,37.719748,-122.403079,0,0,,,,,http://4sq.com/bQ4Oh8
4f0098880aaffcf6f51dc6ce,Presidio: Broadway Gate,Scenic Lookout,37.79287454715045,-122.44646208064803,0,2,,,,,http://4sq.com/u43FnP
4ef12bc8775bfefbb95b86ae,The Water Cooler,Water Park,37.7188944815278,-122.5030092047449,0,1,,,,,http://4sq.com/sMYVk3
4e68134818a8bf0571e1f663,Lakewood Laundry,Laundry Service,37.71688446666667,-122.49809145,0,0,,,,,http://4sq.com/oKr2fi
58863e1511742002470fc753,Waterbend Apartments,Residential Building (Apartment / Condo),37.72537943713553,-122.3956775665283,0,0,,,,http://www.waterbendsf.com,http://4sq.com/2kkeeu7
5717ce54498e3994a1c5ad72,Achenbach Foundation for Graphic Arts (AFGA),Art Museum,37.78440148839958,-122.50093817710876,0,0,,,,https://legionofhonor.famsf.org/legion/collections/achenbach-foundation-graphic-arts,http://4sq.com/1WelR4b
4b830690f964a52043f330e3,Famous Waynes Shoe Shine,Shoe Store,37.79364827426093,-122.39618853058549,0,3,,,,,http://4sq.com/aOvpW5
4e517413483bb770492bf501,Big Gay Brunch,Breakfast Spot,37.756261,-122.44269,0,0,1,,,,http://4sq.com/oOEtFA
4e4c7037fa769ce595b17369,Village DSA,College Residence Hall,37.722988014997235,-122.48316280073549,0,0,,,,,http://4sq.com/oynZhr
4a773327f964a520d7e31fe3,Les Croissants,Vietnamese Restaurant,37.79361944928947,-122.39649707016189,0,19,1,7.9,40,,http://4sq.com/8akcRA
4e4b21e1b61c745d8aec95a3,GRGR/West HQ,Building,37.756351,-122.399189,0,0,,,,,http://4sq.com/pIipof
4be9b90db3352d7f355454d2,San Francisco General Hospital,Hospital,37.720992777373205,-122.40033230946426,0,0,,,,,http://4sq.com/a8svCI
5308f1d0498e2e56cf6d86e1,Scott Marrs Photography,,37.719451,-122.447089,0,0,,,,,http://4sq.com/1fjyA1Y
557261bf498edb3cc0a2d12e,TJ Brewed Tea and Real Fruit (TJ Cups),Bubble Tea Shop,37.75356073319337,-122.49002847202918,0,19,,7.3,28,,http://4sq.com/1dkwQ9z
4ad25376f964a520ede020e3,2712 pleasure palace,,37.79385211713082,-122.44172258461188,0,0,,,,,http://4sq.com/aX0N60
4a66705bf964a5208cc81fe3,SF MUNI - 7/7R Haight-Noriega,"Bus Line, Moving Target",37.753882675944126,-122.48000303187189,0,6,,,,,http://4sq.com/7bVil9
50905074e4b0b197b9d375a2,Garden of Humanitarians,Garden,37.78425730444533,-122.48497575649894,0,1,,,,,http://4sq.com/SgaLJs
4ca3db6dd5a2a14313234d90,Golden Dragon Printing,,37.75867305,-122.39311090000001,0,0,,,,,http://4sq.com/cETysa
4abd79c6f964a5208e8a20e3,Cheung Hing,Chinese Restaurant,37.75374966122286,-122.48891064213227,0,33,1,7.0,55,http://cheunghingonline.com,http://4sq.com/9DCD1l
50b6970ce4b0b5250b476a10,ABC Party Supplies,Toy / Game Store,37.78246456409365,-122.49016559734234,0,0,,,,,http://4sq.com/Sr0iNm
44d344bef964a52041361fe3,Legion of Honor,Art Museum,37.78457107287503,-122.50066995620726,0,703,,9.2,826,http://legionofhonor.famsf.org,http://4sq.com/6gUvDS
4eb802570aaf1abee06072bf,Walmart San Bruno Shuttle,Bus Line,37.72063363482178,-122.44734031562449,0,0,,,,,http://4sq.com/s6wGWl
4be75b50cf200f47f0a0153c,Balboa Park Sweeney Field,Baseball Field,37.723267777854396,-122.44631915218191,0,0,,,,,http://4sq.com/cyDSHt
4c62d532e1621b8d07632453,Financial District,Neighborhood,37.791781993942266,-122.40093525119194,0,179,,,,,http://4sq.com/dedKcI
4d351c842e56236a5a0035b4,607 Corbett Ave,,37.757265,-122.443587,0,0,,,,,http://4sq.com/hN8nQf
4ba918def964a520180b3ae3,Presidio Stairs,Park,37.792189518175135,-122.44339798276597,0,1,,,,,http://4sq.com/cPcKmZ
4b0894a3f964a520d10e23e3,The Firm,,37.79053326466394,-122.4424966992996,0,0,,,,,http://4sq.com/9QjtJI
4b6ca5e7f964a52040492ce3,Citibank,Bank,37.79303181874529,-122.39651847920027,0,4,,6.3,9,http://www.citi.com,http://4sq.com/aOqvlE
4dd02f7bd164679b8d2adca6,LDS Church - Sunset Chapel,Church,37.75970691520786,-122.49303951953408,0,0,,,,,http://4sq.com/mQ9c1R
522a9f9311d229cdd391f586,Black Rock City,,37.760465,-122.397109,0,0,,,,,http://4sq.com/1enTri3
4f667680e4b08383b37b0fae,Broderick between Vallejo and Union,Park,37.79342882944791,-122.44325422027876,0,0,,,,,http://4sq.com/xdSEv4
52def277498e3b75058c165b,Dollhouse rooftop,Scenic Lookout,37.754623,-122.492853,0,0,,,,,http://4sq.com/1f4l5RH
5bcfc5fdc0af57002c91ba19,In An Uberx,"Moving Target, Transportation Service",37.78207839792454,-122.49468093571336,0,0,,,,,https://4sq.com/2NZLIMT
52aa45a711d222f4e85c67c4,blackfleece,Clothing Store,37.782153,-122.48783,0,0,,,,,http://4sq.com/Jk7UjY
4d9fc1b22305a35db65dbeaf,Sterling's,Speakeasy,37.792058,-122.443514,0,0,3,,,,http://4sq.com/gfw4UI
4bee4848e24d20a1efca7214,Rotten Game,Playground,37.7582143,-122.39651741,0,0,,,,,http://4sq.com/c12kKx
4be6866b2457a59379eeac15,Guadelajara,,37.71968558986786,-122.44014669061293,0,0,,,,,http://4sq.com/9dA14r
4e1beaadb0fb719c6e0fcb02,Muni Stop 16371,Bus Line,37.717422,-122.402239,0,0,,,,,http://4sq.com/rjftsE
5a1dcd7069e77b3aa579dee3,Telaria,"Office, Tech Startup",37.793775,-122.396653,0,0,,,,,http://4sq.com/2AbMLGh
57d3b3c8498ed490d50b69d8,U.S. Bank,Bank,37.79277802,-122.3977814,0,0,,6.7,0,https://locations.usbank.com/index/minnesota/minneapolis/us-bank-plaza-branch.html,http://4sq.com/2cdEAeQ
4c7ab1b3566db60c06cf480e,St Paul of the Shipwreck Catholic Church,Church,37.71979975253,-122.39633871582434,0,3,,,,,http://4sq.com/aqsYNZ
4ee15cfe0e01e3534fa2b581,The Burrito Place,Burrito Place,37.72426401626765,-122.4841135215148,0,0,1,,,,http://4sq.com/vwfySe
4ad7cb3af964a520cd0e21e3,LBC Philippines,Post Office,37.717968932737904,-122.44444854879967,0,0,,,,,http://4sq.com/cw6Xut
55d4b6d8498ea36af84d1163,U.S. Bank Branch,Bank,37.7233429,-122.4826126,0,0,,,,https://www.usbank.com/locations/locator-results.html?stringquery=941321731,http://4sq.com/1Jkdhtv
4aa8048ff964a520c14e20e3,Drumm Liquor & Deli,"Falafel Restaurant, Deli / Bodega",37.79371622101962,-122.39653315791311,0,5,1,6.0,13,,http://4sq.com/9SCYSt
4f7766dae4b040208c2fc539,The Workshop,,37.75575,-122.444278,0,0,,,,,http://4sq.com/H3O1Wm
4ace965df964a52053d120e3,Oyaji Restaurant,"Sushi Restaurant, Japanese Restaurant",37.78155923198009,-122.49288100105052,0,27,2,6.4,65,,http://4sq.com/6n78Eg
4e90bc8661afcfde2a00fe61,Gilt City Blue Angels Viewing Party,Professional & Other Places,37.794271,-122.445975,0,0,,,,,http://4sq.com/rk2Gql
4cb222461168a0936bc63823,Rainbow Cafe,Caribbean Restaurant,37.75481849345515,-122.44697539342887,0,0,2,,,,http://4sq.com/9yMks7
55ba4544498efb4bbcbe7e21,Brayer Electeic,Construction & Landscaping,37.724838629365,-122.391822226346,0,0,,,,,http://4sq.com/1KBggkl
52d6df5311d24f844b46202a,Free STD Clinics,Medical Center,37.753427,-122.489138,0,0,,,,http://www.freestdclinics.org/std-testing/san-francisco-california-1800-31st-ave-94122,http://4sq.com/1mki1S4
49e7903df964a520c3641fe3,U-Haul Moving & Storage at Candlestick,Storage Facility,37.724358387366976,-122.39999492798438,0,5,,5.3,20,https://www.uhaul.com/Locations/Truck-Rentals-near-San-Francisco-CA-94124/708066/,http://4sq.com/c9NmRz
4a7772e6f964a52087e41fe3,Lincoln Park Market,Convenience Store,37.78183570718979,-122.4909559338392,0,1,,,,,http://4sq.com/awrvNu
4cf98c3aee9cb60cd0d284ad,A's,Vietnamese Restaurant,37.718785,-122.390546,0,0,2,,,,http://4sq.com/dHuDvw
542b2d62498ea28b89102e42,المُلّحَقْ حَقَيّ,,37.723847,-122.484427,0,0,,,,,http://4sq.com/1uaPiXg
4f2e239ce4b0d411bbcf957c,"Stellina, Point Reyes",,37.792097,-122.488108,0,0,,,,,http://4sq.com/xvjBIS
57927b91498e9a9358010254,Duc Loi Pantry,Grocery Store,37.72468002761236,-122.39474660609511,0,13,,7.1,18,http://ducloimarket.com,http://4sq.com/29SLCE2
5c34bf36464d65002c10506d,1395 22nd Street,Building,37.757592,-122.394723,0,0,,,,,https://4sq.com/2SDr9sQ
59477b8ab1ec130850485fc8,San Francisco Dental Implant Center,Dentist's Office,37.793321103720835,-122.39650368690491,0,0,,,,,http://4sq.com/2rH2N7U
5710584e498eea62960edc64,Akilian Estate,Salsa Club,37.793841,-122.444349,0,0,,,,,http://4sq.com/1V5sab6
4e99b119722e25a7f5ece412,Fillia Fransisca - State Farm Insurance Agent,"Office, Insurance Office",37.753516,-122.488702,0,0,,,,http://www.fillia.net,http://4sq.com/ndfvoT
4d9cda67baae54818acee464,Clayton St Redlight District,Speakeasy,37.758625745773315,-122.44506239891052,0,0,3,,,,http://4sq.com/eqS1fB
53dc2751498e1b6dfa0cc3d3,Residence of the Consul-General of Japan in San Francisco,Embassy / Consulate,37.79443274567784,-122.44234740619781,0,0,,,,,http://4sq.com/1AIULqP
4dade78d1e7207bbeb05da5a,Clipper Customer Service Kiosk,General Travel,37.79319664098731,-122.39678267218882,0,0,,,,https://www.clippercard.com,http://4sq.com/fwJrid
4be62215bcef2d7f4be004e5,Eagle Point Labyrinth,"Sculpture Garden, Beach",37.78793421258008,-122.50581339923545,0,84,,8.7,98,http://gotosocal.com/eagle-point-labyrinth/,http://4sq.com/aRJw7H
4ebdd8aa30f82a2e123d01dd,MUNI 33 Stanyan - Stop 14076 (Clayton @ Corbett),Bus Line,37.758657,-122.445588,0,0,,,,,http://4sq.com/u6551l
4c7e14c410916dcb80422b96,Drunken Sushi,Japanese Restaurant,37.75833,-122.49468,0,0,2,,,,http://4sq.com/degz63
5c70e3ca58002c002ca78750,The Links Bar And Grill,Bar,37.781498,-122.492966,0,1,2,,,,https://4sq.com/2Xl0FPi
4b243762f964a520f46324e3,Creative Arts Computer Lab (CA 260),College Classroom,37.72037079229742,-122.44547145823572,0,0,,,,,http://4sq.com/bBHZ22
50b4279fe4b0f808c6f45749,Muni Stop,Bus Line,37.79202712781148,-122.44777158567088,0,0,,,,,http://4sq.com/ReGy17
53968bf0498e2660782d2329,walk stars,Animal Shelter,37.758174,-122.490982,0,0,,,,,http://4sq.com/1pYBWfv
4c07cc7ea0129c746b97d2c9,University Housing Office - Mary Ward Hall,College Administrative Building,37.72337776070893,-122.4835846488861,0,0,,,,,http://4sq.com/8Xac54
4c85b8fed8086dcb1ab79452,Romantic Walk With Baby,Karaoke Bar,37.758147510219146,-122.49606810567195,0,0,2,,,,http://4sq.com/c8cNa8
4f3c054ce4b09bd627977df6,Arballo Gym 310,College Gym,37.72052698184626,-122.48393700948483,0,0,,,,,http://4sq.com/yKQR1C
4c82fef22f1c236a496e3f43,Toothpickman,General Entertainment,37.797594,-122.481562,0,0,,,,,http://4sq.com/8YbYIn
4a9de718f964a520ce3920e3,Kite Hill Open Space,"Park, Scenic Lookout, Dog Run",37.758289882870194,-122.44143521277012,0,92,,9.3,108,,http://4sq.com/bZSJgx
4c6ac35835d3be9a4ab02206,Pestec,"Home Service, Waste Facility, Business Service",37.72594923,-122.39130624,0,0,,,,https://www.pestec.com,http://4sq.com/bZlCzR
4f4051d1e4b0f9f819465606,Secret Park,,37.757777,-122.439925,0,0,,,,,http://4sq.com/yF8opV
57a41115498e0286362203a7,2887 Green Street #4,Residential Building (Apartment / Condo),37.794689,-122.446512,0,1,,,,,http://4sq.com/2b79xkb
4db1a8f80437a93f7f8e1fbd,M&W Market,Convenience Store,37.75490718,-122.39796748,0,0,,,,,http://4sq.com/gXifnM
4c7e9c161009a0932ff9444e,Rooftop School - Upper Campus,General College & University,37.757593704295154,-122.44444981258745,0,1,,,,,http://4sq.com/bbzwdL
4efe30f5b6346feaeb4998e5,Bing Bing!,Military Base,37.72044934291823,-122.48276488328172,0,0,,,,,http://4sq.com/uGjnKP
4c33860866e40f47bf26c88b,180 Corwin,,37.757917,-122.44092,0,0,,,,,http://4sq.com/aQLtHY
50775f55e4b018ca94b304d4,Team America HQ,Gluten-free Restaurant,37.760658610843805,-122.48909890991834,0,0,2,,,,http://4sq.com/R1LeU9
4bf1c1f0a09076b089eb29d4,Francisco Studios,General Entertainment,37.719206713124706,-122.44661453733237,0,3,,,,,http://4sq.com/a2FW3h
532dd590498ee59ab172b9e4,Bootcamp Six Pack,Athletics & Sports,37.792776,-122.446399,0,0,,,,,http://4sq.com/1h7euDI
4c5dc69e6ebe2d7f9ee3d32e,Showing De Haro,,37.75832,-122.401056,0,0,,,,,http://4sq.com/cd7Hhq
52a7d33511d2eaf4e06d0396,75 Sierra,Residential Building (Apartment / Condo),37.758339493004385,-122.39577971129678,0,1,,,,,http://4sq.com/1jLegXi
50159dd8e4b088cc6cf8085c,Path Around Rooftop School,Trail,37.75507264014277,-122.44441537319126,0,0,,,,,http://4sq.com/PYbHCb
4e761ef552b1c8e519bf78aa,San Francisco Fire Department Station 37,Fire Station,37.756763,-122.398767,0,0,,,,,http://4sq.com/oKjUTU
4b435628f964a52098de25e3,California Street Cable Car,Cable Car,37.793460994054406,-122.39797085523605,0,62,,,,,http://4sq.com/6R5MFR
4f529e14e4b0639bb97caf91,Graded Area 9 (Restored Dune Habitat),Nature Preserve,37.79395968049537,-122.47807767720364,0,0,,,,,http://4sq.com/wQa9A3
4b970696f964a52013f434e3,James Denman Middle School,Middle School,37.72163057964868,-122.44276210873309,0,2,,,,,http://4sq.com/dfO7Xj
4eb41c88775b544c26b5e91f,Trolley-Bus Flowers,Flower Shop,37.79360190254987,-122.39612395055765,0,2,,,,,http://4sq.com/vINL0F
4eb18f62b8035a99ee3f4360,CSCS@CSCC,American Restaurant,37.725069,-122.493326,0,0,2,,,,http://4sq.com/vqrvwX
57577191cd10ac4151cba139,Redshift,Office,37.793824,-122.396712,0,0,,,,,http://4sq.com/1U6H4vl
4e5e68a962e12101203ddecf,Xpress Publication Lab Class,College Classroom,37.72038111948467,-122.48320706167159,0,0,,,,,http://4sq.com/qc9lId
4f29d31fe4b01c8768b4ecd9,Goliath,Other Great Outdoors,37.79280436940954,-122.44538299078718,0,0,,,,,http://4sq.com/AeuWgt
4f7891b0e4b0b009ef5f45b6,Lake Merced Run Loop,Trail,37.71346282509337,-122.48560584679014,0,42,,8.3,53,,http://4sq.com/Hecp6Q
594ee0329411f252d310fa8f,Nice One Flower Shop,Flower Shop,37.721402,-122.447459,0,0,,,,,http://4sq.com/2s3r5cG
45e981baf964a5207f431fe3,Fort Funston,"Park, National Park",37.714986930252145,-122.50263342459404,0,408,,9.5,487,,http://4sq.com/54DuES
4aca8a43f964a5204ac220e3,Sunset Recreation Center,Playground,37.75731019538717,-122.48707205678623,0,19,,8.7,23,,http://4sq.com/cl17up
4e815cff6c2593aa89a6e68a,Artichoke Joe's Casino,Professional & Other Places,37.7578720079235,-122.49306162632091,0,0,,,,,http://4sq.com/r6fL59
4ecdd865cc219860f48e8e28,San Jose & Geneva,Road,37.72103305247796,-122.44679293185426,0,0,,,,,http://4sq.com/uXM14j
4e8c6c74f5b91e22557c4883,MUNI Bus Stop - Clayton & Corbett,Bus Stop,37.758687981229656,-122.44601726531982,0,0,,,,,http://4sq.com/ngGuMB
50b3b3a1e4b02d25ae922ff3,Iron Alley Steps,Other Great Outdoors,37.75831315255747,-122.4444900785365,0,1,,,,,http://4sq.com/Tps3qB
4b69dd09f964a520e5b82be3,Bank of America,"Bank, Financial or Legal Service",37.79353745478124,-122.39746625179278,0,0,,6.2,3,https://www.bankofamerica.com,http://4sq.com/8Xr0FN
4cdddc13f8a4a143ebf7d2bc,Ubergizmo HQ,,37.758075,-122.394093,0,0,,,,,http://4sq.com/aRRGY9
4e59dce3d164da2b27695a3e,The Doghouse,Bed & Breakfast,37.75867402553558,-122.44506776332855,0,0,,,,,http://4sq.com/o4GQEn
52d6df5311d24f844b461f79,Free STD Clinics,Medical Center,37.722086,-122.439806,0,0,,,,http://www.freestdclinics.org/std-testing/san-francisco-california-1000-cayuga-ave-rm-156-94112,http://4sq.com/LGFFNE
4ca7d700b0b8236a81b7ade6,29th and Judah,,37.75925711,-122.49462831,0,0,,,,,http://4sq.com/cD5k1l
4c263f3aa852c928df41e66c,Joes House,General Travel,37.75851309299469,-122.49810039997101,0,0,,,,,http://4sq.com/9O79x6
5bc3e03a38f2160025e5beb9,Hang Out Spot,"Cantonese Restaurant, Cha Chaan Teng",37.753487,-122.49008,0,2,,,,,https://4sq.com/2ROdJdp
505255dfe4b0ccc9e0fda3dd,608 Missouri,Residential Building (Apartment / Condo),37.758717,-122.396258,0,0,,,,,http://4sq.com/RV1zMc
4e0edc1652b1b27c1b8b255e,Outer Sunset,Neighborhood,37.75444400706153,-122.49592441561677,0,58,,,,http://www.city-data.com/neighborhood/Outer-Sunset-San-Francisco-CA.html,http://4sq.com/lYyjKL
50204a9ae4b0966ff48f9aa1,Curtis E. Green Light Rail Center,Light Rail Station,37.720986401202126,-122.44678740271067,0,1,,,,,http://4sq.com/PATxCI
58f142b0149946327afacaa0,Segment,"Tech Startup, Office",37.793740650310426,-122.39741601404205,0,2,,,,,http://4sq.com/2ozI5ns
4db6f4f4fa8c3502411c16b9,Beach Yard,Light Rail Station,37.720689,-122.4467,0,0,,,,,http://4sq.com/ifYSC9
5a49766bb8fd9d266f8069b2,Geneva Community Garden,Garden,37.720253,-122.44513,0,0,,,,,http://4sq.com/2CpfjNP
4b3d9b6cf964a520c39525e3,House of Nails,Nail Salon,37.758358,-122.398833,0,0,,,,,http://4sq.com/cWzyXz
4b2af328f964a520b1b224e3,655 John Muir Dr.,Building,37.71459,-122.49164,0,0,,,,,http://4sq.com/djMyoT
4b9a1de6f964a520a29f35e3,Oriental Seafood Restaurant,Chinese Restaurant,37.75374105334509,-122.49083694239613,0,9,1,6.4,17,,http://4sq.com/bj2dqh
4a6caad9f964a52030d11fe3,Potrero Hill Recreation Center,"Park, Playground",37.756650472509264,-122.39761626305834,0,21,,7.5,34,,http://4sq.com/brRKNd
4ee1585e9911340c35f90c07,Humanities Room 211,College Classroom,37.722504703026665,-122.48140517299764,0,0,,,,,http://4sq.com/uXy4Yn
4dc231e352b1c1fb37e4484f,802 Bio Study Lounge,Residential Building (Apartment / Condo),37.724128,-122.484002,0,0,,,,,http://4sq.com/jqIA2D
4b97088cf964a5207ef434e3,Consulaat Generaal The Netherlands,,37.79341171733133,-122.44117517148798,0,0,,,,,http://4sq.com/dCu2aG
4a336d27f964a5202e9b1fe3,Pagan,Burmese Restaurant,37.781519649536285,-122.49338304201339,0,57,2,8.0,83,http://pagansf.com,http://4sq.com/bRkrn2
4a0cb256f964a52057751fe3,Buzz Rentals,,37.756975,-122.394678,0,0,,,,,http://4sq.com/4TEVMQ
4e7b45e6cc212bd7d9db0831,22nd Street Stairs,Other Great Outdoors,37.75726750995254,-122.39882217419057,0,1,,,,,http://4sq.com/pIYOWE
4eaa165749015844896053e0,Potrero Hill CG,Building,37.757233212502854,-122.39585162507113,0,0,,,,,http://4sq.com/rw77BM
4d066eb0347da1cdadf8358f,The Cottage Table Company,Arts & Crafts Store,37.758493155389125,-122.39510482578926,0,0,,,,,http://4sq.com/h2B3jp
4c4e5eab92b6a5938788ca6f,Aby's den,Comedy Club,37.755488,-122.488836,0,0,,,,,http://4sq.com/cqCuXu
56593add498e44c8a53e41e8,Philz Coffee,Coffee Shop,37.794220764564166,-122.39528971327613,0,355,1,8.7,445,http://www.philzcoffee.com,http://4sq.com/1NdZWlg
4cb9214ed78f46884d9db473,Tankhill Dog Run,Dog Run,37.754700053153044,-122.44684822327407,0,0,,,,,http://4sq.com/d8g1WV
4bd618c26f6495213c4f70ec,MUNI Metro Stop - 3rd & Gilman/Paul,Light Rail Station,37.72278042278368,-122.39549837777739,0,0,,,,,http://4sq.com/9L0KsJ
516462eae4b0ee4fb9d8b958,Top of Potrero Hill,"Hill, Scenic Lookout",37.75730833758727,-122.3999085244793,0,54,,8.9,60,,http://4sq.com/10QPhoO
53e4ee10498e8221abdc13fc,الملحق,,37.723954,-122.484407,0,0,,,,,http://4sq.com/1oLVVwq
4c829ae174d7b60cf31b82d8,Environmental Science Center,College Classroom,37.71910148129514,-122.48174786587676,0,0,,,,,http://4sq.com/bonh3n
4eee8add8b81bbbf5e77b093,Cayuga Terrace,Neighborhood,37.72127431626229,-122.44050057764441,0,3,,,,,http://4sq.com/t4lp4p
57d85172498ee3d67459f250,Starbucks,Coffee Shop,37.79348315251741,-122.39738994362665,0,12,1,7.4,16,https://www.starbucks.com/store-locator/store/11949/50-california-st-52-california-street-san-francisco-ca-941114603-us,http://4sq.com/2cu5wc9
4d7797da7484b60c4cbe3ed9,Caltrain 312,Light Rail Station,37.724266,-122.396872,0,0,,,,,http://4sq.com/hhkNtK
4f7b8f8ae4b0ec1aa3905f1d,Ghost Park On Sand Hill,Playground,37.794089203938995,-122.47812869919616,0,1,,,,,http://4sq.com/HewQTs
52994e7b11d2c01edc2970e3,Sam's Grill,,37.7157202921808,-122.403222788125,0,0,,,,,http://4sq.com/1jSWkXY
4e849985f5b99ae34c086e55,33 Stanyan Turn,Road,37.758223980301324,-122.44389469405812,0,0,,,,,http://4sq.com/oQCN4S
4c48751d76d72d7f2c71404d,N-Judah 34th Ave,Light Rail Station,37.76099831640712,-122.49327164056228,0,1,,,,,http://4sq.com/9ntOu8
58a14c5d16f000694e6b9ee9,Saltroot Café,Café,37.78177393374312,-122.49125244169433,0,14,1,8.1,20,http://www.saltroot.com,http://4sq.com/2lFaqEq
4bf864125efe2d7f58b86a34,Sal's crawfish boil,Seafood Restaurant,37.759127,-122.398826,0,0,3,,,,http://4sq.com/b768Br
5388e36f498e3f763f4cd1cd,A Cut Above the Rest,Salon / Barbershop,37.72110761681388,-122.39627757488081,0,0,,,,,http://4sq.com/1rqfAoR
4b9eb09ef964a520dbf936e3,Leadership High,School,37.721773551868175,-122.44482453829387,0,0,,,,,http://4sq.com/9V8VCw
4b9bfe0ff964a520523e36e3,Balboa High School,High School,37.72191154562185,-122.44103991274355,0,1,,,,,http://4sq.com/a42EWy
4a8ace26f964a520730a20e3,Starbucks,Coffee Shop,37.793755,-122.39721,0,117,1,5.6,273,http://www.starbucks.com,http://4sq.com/65ENGY
4f8b7cd9e4b002b90d2a822a,the rocks,"Scenic Lookout, Mountain",37.79871186862905,-122.48136648179548,0,1,,,,,http://4sq.com/HMxQTv
4b526a88f964a520417c27e3,Tal-Y-Tara Tea & Polo Shoppe,Tea Room,37.783710153970716,-122.48675000622667,0,16,2,6.7,26,http://www.talytara.com,http://4sq.com/cMi6Q0
44c3724df964a520c6351fe3,Baker Beach,"Beach, Nudist Beach",37.793355016553285,-122.48373985290527,0,826,,9.4,973,http://parksconservancy.org,http://4sq.com/2GEKQ7
4fbf1e48e4b07160bc8d46ae,MUNI bus 5411,Bus Line,37.758585634362085,-122.44546592902236,0,0,,,,,http://4sq.com/JXkyEq
4f1b6cb177166bf6d1039148,IGNITE Dynamic Training,Gym / Fitness Center,37.79282512676746,-122.44648396968842,0,0,,,,,http://4sq.com/wADtC9
4f91d460e4b048b2e4cf870c,Softball field,College Baseball Diamond,37.72200193191987,-122.48425483703613,0,0,,,,,http://4sq.com/HTNIO9
5015b7f5e4b0abd8764eee1e,Mono Street Steps,Trail,37.75876644137824,-122.44360864162445,0,2,,,,,http://4sq.com/OqQ8LD
4eda045c61af8a14b5d57f5b,Gotty Fosho,,37.721421,-122.404007,0,0,,,,,http://4sq.com/v1svMo
4e8cbec4b8f711fd973d3c01,Room 101,College & University,37.71932260505875,-122.48395323345693,0,0,,,,,http://4sq.com/noC9fu
4a74bd67f964a52071df1fe3,Lyon Street Steps,"Scenic Lookout, Trail",37.79354365639975,-122.44655907154083,0,298,,9.3,347,,http://4sq.com/4GxRFV
4e283fb245ddfe8f9defaae4,MUNI Bus Stop - Corbett & Romain,Bus Line,37.75545886261371,-122.4428187192932,0,0,,,,,http://4sq.com/ojCVcC
50089bcbe4b0a27e00968b0a,Grove High School,College Academic Building,37.794822,-122.446803,0,0,,,,,http://4sq.com/O12qIW
4b4f4e95f964a520a30027e3,Bialla executive search firm,,37.795341,-122.444954,0,0,,,,,http://4sq.com/bdcdfe
4a61f412f964a520b5c21fe3,SF Test Kitchen,,37.7577737,-122.39818051666667,0,0,,,,,http://4sq.com/cHmx8H
4f1e4e50e4b07fde7e696513,Dorm Room 321,College Residence Hall,37.723283051369314,-122.48320153445326,0,0,,,,,http://4sq.com/zyERoG
51fc0ebd498e86b461a1b77c,Japanese Counsel General's Residence,Embassy / Consulate,37.79457845568002,-122.44197693721155,0,0,,,,,http://4sq.com/15B2Qy1
4c13ba79a1010f4790194b18,Lawton Alternative K-8 School,"Elementary School, Park",37.75772520419882,-122.48880598348373,0,2,,,,,http://4sq.com/906b0P
5504b2ff498e115f58151b11,Arkansas Friendship Garden,Playground,37.757408142089844,-122.39740753173828,0,0,,,,,http://4sq.com/1MBf3aG
51924c3b498e472c9d0d37fc,San Jose and Ocean,Bus Line,37.71705057949364,-122.44532216937297,0,0,,,,,http://4sq.com/15JnAXq
4e17dd03483b5cfa49c550b8,The Cobras Club House,Bike Rental / Bike Share,37.72154810089974,-122.39566907462495,0,0,,,,,http://4sq.com/r6CaDO
54303180498e1eab1ce6a94f,Patrick's Park,Park,37.793514,-122.445002,0,0,,,,,http://4sq.com/1oHYaxV
50104fbbe4b0c0636a1696d1,The Barn,Housing Development,37.79288209554941,-122.44406702866883,0,0,,,,,http://4sq.com/OnkzyV
5af51cc9a0215b002c89550c,Pearl,Restaurant,37.7838391,-122.4830831,0,56,2,8.2,75,http://www.pearl-sf.com,https://4sq.com/2G4PSPL
4c880b58da5da1cda7f530e9,The Thought Bank,,37.78926414,-122.44513811,0,0,,,,,http://4sq.com/bIzLBs
4e434bc61495455b10c04595,Crazy Pepper,Asian Restaurant,37.720831764837044,-122.44666285118367,0,7,2,5.8,16,,http://4sq.com/q2u3vQ
516cab79e4b020db26c4bee8,MUNI Bus Stop - Market & Drumm,Bus Station,37.79340588577279,-122.39625692367555,0,1,,,,,http://4sq.com/118yJc9
5088b04de4b011a63b8d5387,Inspirare,Design Studio,37.75708155753579,-122.44436560975898,0,0,,,,,http://4sq.com/TbvLiv
4bdbb8893904a593cae84b9e,Mohammed's Hookah Joint,Hookah Bar,37.72138059139252,-122.39406287670135,0,0,1,,,,http://4sq.com/cFrhsP
4b78c5acf964a520c9e12ee3,The Secret Octopus's Garden,,37.79599968289561,-122.44533875703489,0,0,,,,,http://4sq.com/cnDO7c
4bf40994706e20a16ed7a898,West Pacific Grove,Park,37.79210516132003,-122.44793745829277,0,1,,,,,http://4sq.com/9D2u73
4e10ea6da809291902b27d15,Russell's Bbq On Top Of Russian Hill,Food,37.7945627013576,-122.4418165845576,0,0,,,,,http://4sq.com/lC8dmT
52c387a6498e6d28573b6cde,Santa Monica Pier Los Angeles,,37.75846305599973,-122.3973839299679,0,0,,,,,http://4sq.com/19ZU1S1
4ee582d899119449020e3553,#TP,,37.75766715217658,-122.44418314363833,0,1,,,,,http://4sq.com/t775Z8
4b8323acf964a520e6f930e3,Scrappy's,,37.72411,-122.39482,0,0,,,,,http://4sq.com/aZ72xJ
4c834e85d4e23704130b7088,Hookah House,,37.719376,-122.485153,0,0,,,,,http://4sq.com/bYxM2l
4c0aba58009a0f474ef3e9bf,Batteries To Bluffs Trail,Trail,37.80001434735277,-122.47975409030914,0,62,,9.3,75,,http://4sq.com/9nBE9d
4dfbe934d4c001cca36ac496,Tintagel,Scenic Lookout,37.758299832670566,-122.4437186829881,0,1,,,,,http://4sq.com/jThp5W
51a0e760e4b016c43690dab8,Oncore Training Bootcamp,Athletics & Sports,37.792775,-122.446476,0,0,,,,,http://4sq.com/10waoxB
4bfe9ec34e5d0f47e1dc7c1f,S.L.A.,,37.793651507310834,-122.3967090547484,0,0,,,,,http://4sq.com/cEjIin
4f4d323de4b0cb12b8e8f866,Janine's Office,Medical Center,37.72176017785511,-122.40352398924117,0,0,,,,,http://4sq.com/ywIlgX
56f748e4498e8b2111f3387a,C31 Shabu,Restaurant,37.781775,-122.491342,0,0,2,,,,http://4sq.com/1Se2fYB
4b509da1f964a520962927e3,Salesforce.com,Office,37.79377849137246,-122.39716607419767,0,10,,,,http://salesforce.com,http://4sq.com/aWnJSk
52d6df5311d24f844b461f18,Free STD Clinics,Medical Center,37.754,-122.398838,0,0,,,,http://www.freestdclinics.org/std-testing/san-francisco-california-1050-wisconsin-st-94107,http://4sq.com/KmHGx4
5137a3a9222f399e553e194d,Dano Vietnamese Cafe,Vietnamese Restaurant,37.72661,-122.393746,0,0,2,,,,http://4sq.com/14uqZDo
4a56323ef964a520b3b41fe3,Pilates San Francisco,Gym / Fitness Center,37.71841,-122.398089,0,0,,,,http://www.cinematiks.com,http://4sq.com/9L7tt0
508c1e46e4b00ac3c72a2dd5,MUNI Bus Stop - Geneva & San Jose,Bus Station,37.720450891576554,-122.44686672153574,0,1,,,,http://www.sfmta.com/getting-around/transit/routes-stops/stops/4898,http://4sq.com/URzMim
4c5144fb9d642d7f046840dd,1376 Clayton,,37.759043,-122.446375,0,0,,,,,http://4sq.com/96neYN
4cd3710f72a1a1cdbb6b6551,Haus Of GaGa,Building,37.720969716666666,-122.44619168333334,0,0,,,,,http://4sq.com/9CfA8z
51858280498e87fa4eb0e042,Corbett Steps,Trail,37.75644386129624,-122.44328186692624,0,2,,,,,http://4sq.com/12Cu1Ee
52a4d450498e2054d092b21c,the hot box,Garden,37.75566101074219,-122.3956298828125,0,0,,,,,http://4sq.com/1hGGFhR
4fbe818ee4b0a4005e12b05a,Vietnamese Sandwich Cart,"Vietnamese Restaurant, Sandwich Place",37.79325101797915,-122.39672565009258,0,3,2,5.7,8,,http://4sq.com/Ke1CPP
4bd0e44ca8b3a59339e5645f,KIPP Bayview,General College & University,37.71953485527671,-122.39661589626725,0,1,,,,,http://4sq.com/8ZIb9S
4b6b248bf964a52087f52be3,Cinematiks,Building,37.716989,-122.397561,0,0,,,,,http://4sq.com/9hbYnN
533ae03e498ef2793dc3e650,Pantera Capital,Office,37.79334190509488,-122.3946225578033,0,0,,,,,http://4sq.com/1jwp63y
4dfc347d1520af693670a1db,International Surfing Day Beach Cleanup,Beach,37.79231558117811,-122.48439002043597,0,0,,,,,http://4sq.com/ifWJ25
5c93d705f709c1002c9b450e,Ladle & Leaf,"Soup Place, Salad Place",37.79331,-122.39736,0,1,1,,,http://ladleandleaf.com,https://4sq.com/2CswKfm
57d9fac6498e18e25176711a,Edith's Garden,Garden,37.758999,-122.448316,0,1,,,,,http://4sq.com/2cWwMlY
4f274b00e4b0d10db34d5141,Embarcadero BART Station,Metro Station,37.79297812628263,-122.39739499346004,0,66,,,,http://www.bart.gov,http://4sq.com/xu87TS
51b72738498e42db8a7004c7,Pleasanton City Hall,Government Building,37.72078871715043,-122.39419759582914,0,0,,,,,http://4sq.com/12D5NjO
4e60435c1838ad3d0dd5f063,Elefint Designs,Professional & Other Places,37.75794059238339,-122.39481163647447,0,2,,,,,http://4sq.com/oyg51Z
4c942d1458d4b60ce28f2629,Kaizen Office SF,Trade School,37.783235,-122.494688,0,0,,,,,http://4sq.com/dn0B3K
4e90cbb246908c033f4bfe26,Broadway & Divisadero,Scenic Lookout,37.793342965241536,-122.44165983824956,0,12,,8.0,13,,http://4sq.com/pRx4eO
4b60b6bef964a52075f529e3,Sunset True Value,"Hardware Store, Garden Center",37.75340302919075,-122.4972969451103,0,3,,5.7,9,http://www.truevalue.com/sunsettruevalue,http://4sq.com/8Xct1c
4bbe7cf382a2ef3b86822bd2,Lifter HQ,,37.793048,-122.396559,0,0,,,,,http://4sq.com/asvAl8
4c8956461797236a16025888,Ware St,Bus Station,37.72170425669176,-122.40097305993304,0,0,,,,,http://4sq.com/95iDgn
4c55dd6a728920a18a822885,VACSF,Church,37.753224,-122.492757,0,0,,,,,http://4sq.com/dyqJ2H
4be5b8d62457a59361e5ab15,Beacon OMIE Center,Student Center,37.72127690779327,-122.44335374817554,0,0,,,,,http://4sq.com/baYbMH
4d08a0404adb3704bac0fd54,Bayshore And Paul Ave,Road,37.72098770573584,-122.39870115469952,0,0,,,,,http://4sq.com/hqqX3F
4a0e1770f964a520c8751fe3,Quince Spa,Cosmetics Shop,37.75830407010859,-122.39524267815939,0,19,,7.5,26,,http://4sq.com/9Esw6y
4aeb1d7af964a52090be21e3,Bayview Park,Park,37.71804861739925,-122.39421419156938,0,9,,8.2,11,,http://4sq.com/92Hy44
4fad454ae4b0d0b6565bfe8f,33 Stanyan At Clayton,Bus Line,37.758374037352255,-122.44379609323947,0,0,,,,,http://4sq.com/IJ3XiL
5681b441498e90c6654fb71e,2985 pacific Ave,Residential Building (Apartment / Condo),37.792258811213124,-122.44328739625486,0,0,,,,,http://4sq.com/1YJGVmq
4f414ce3e4b0f6acbc244a83,Akiba,"Creperie, Dessert Shop",37.78151110260317,-122.49308052889411,0,9,1,6.5,21,http://www.akiba-sf.com,http://4sq.com/ytp1kW
4a90e082f964a520ac1920e3,Mermaid,,37.75777280330658,-122.439746260643,0,0,,,,,http://4sq.com/aHAcCJ
4d27ae823c79548117e9c69b,Bay Area Ironworks,,37.719959020614624,-122.39781260490417,0,0,,,,,http://4sq.com/faNWrH
563b8536cd10da63608f7c72,Hotel Drisco Pacific Heights,Hotel,37.791907,-122.443363,0,4,,,,https://hoteldrisco.com,http://4sq.com/1HtNUTg
3fd66200f964a520efec1ee3,Garden House Cafe,"Sandwich Place, Coffee Shop",37.78161360384629,-122.49273426600784,0,29,1,6.8,51,,http://4sq.com/4ZY3Vt
57acfa23498e3a6e3cbbd7a7,SF & SM Railway Co. Office Building,"Building, Historic Site",37.720338581296346,-122.44646787643433,0,0,,,,,http://4sq.com/2aKG8uH
50ca2e01e4b0d063ac32ea8a,OMI/Excelsior Beacon Center,Non-Profit,37.72138445146425,-122.44300540012321,0,0,,,,,http://4sq.com/ZlPW5K
5099779ce4b0eecea54ea9f2,8 California Street,,37.793566,-122.396535,0,0,,,,,http://4sq.com/Qlo6ne
4cd9c573071ba093e293b405,Stanford Neuroscience,Hospital,37.753445145958025,-122.39788731768213,0,0,,,,,http://4sq.com/a1iEg4
5a63b517a35dce51518612ad,Jin Wang,Tailor Shop,37.757824,-122.446695,0,0,,,,,http://4sq.com/2EYuoDJ
505e226ee4b00e379a7f25fd,655 Corbett,Housing Development,37.75658266548177,-122.44320445629494,0,0,,,,,http://4sq.com/OQmZFB
513a439ee4b09534e415892e,Danos Vietnamese Cafe,Vietnamese Restaurant,37.72487257466198,-122.39509376205635,0,0,2,,,,http://4sq.com/WzbL1P
4bac1bf9f964a520e3e43ae3,Shirleys Salon,,37.718189699999996,-122.44512060000001,0,0,,,,,http://4sq.com/9xvoky
4bede0f2767dc9b619a3d3e9,Kimberley's,Boutique,37.781668,-122.492356,0,0,,,,,http://4sq.com/bcYayc
4fb985c3e4b02b949539c7fb,M&S Catering Truck,Food Truck,37.75340198809159,-122.44557098402602,0,0,1,,,,http://4sq.com/KpgZSS
4f494ae0e4b0a69abd296689,A+J,,37.793642,-122.44341,0,0,,,,,http://4sq.com/AbHDCM
49d68c61f964a520e65c1fe3,Blue Bottle Coffee,"Coffee Shop, Café",37.79594009522056,-122.39392560969138,0,1473,1,9.1,1909,http://www.bluebottlecoffee.com/locations/ferry-building/,http://4sq.com/4S4peC
50e1f724e4b0869e69619600,Pemberton Steps,"Trail, Scenic Lookout",37.758293558681466,-122.44692653417586,0,24,,8.2,28,,http://4sq.com/U0IdsA
4c3b7c96a9509c740dc4385b,Potrero Hill Playground,Playground,37.75695229930985,-122.39756546005563,0,10,,8.4,12,http://sfrecpark.org/destination/potrero-hill-rec-center/,http://4sq.com/aP2M34
4e59b2258877c8a76dea24af,MUNI Bus Stop - Corbett & Graystone,Bus Line,37.75867402553558,-122.44504630565643,0,0,,,,,http://4sq.com/qJjqxs
4c51db27384c76b05eadee2a,Zipcar Higuera Ave/Arballo Dr,Rental Car Location,37.718527,-122.483447,0,0,,,,,http://4sq.com/9b2beO
51254e64e4127f0f66df040d,Ace Locksmith,Locksmith,37.7538604736328,-122.49095916748,0,0,,,,http://www.locksmithdirectory.com/profile/ace-locksmith-san-francisco-california3.html,http://4sq.com/XXGwf0
51ca3ecb7dd206231217f8bf,Twin Peaks,Neighborhood,37.75488835825021,-122.44628977859259,0,353,,,,,http://4sq.com/11LSTtR
4f3055a9e4b010c5f8cf7c2d,Lyrical Opposition,"General Entertainment, Concert Hall, Other Nightlife",37.71916452458245,-122.44093187584834,0,1,,,,,http://4sq.com/yR9h5D
5ae482bb67e5f2002c6eff11,Potrero Hill Dog Park,Dog Run,37.756147,-122.397732,0,0,,,,,https://4sq.com/2r6MsGC
4bb235bfa32876b0ca4800fe,Cocoa Bakery,,37.757145,-122.392155,0,0,,,,,http://4sq.com/bAlEfJ
52938f78498e0ffaf3813dd4,Susan H. Huang,Doctor's Office,37.71433488692015,-122.48901600629388,0,0,,,,,http://4sq.com/1euq4K7
4cdd6711901e9eb081dfc1ef,Jackson Hewitt Tax Service,Financial or Legal Service,37.717457,-122.444508,0,0,,,,http://jacksonhewitt.com,http://4sq.com/czLfP4
4bb998bb98c7ef3b84323202,Pinto bean's,,37.7199821472168,-122.48412322998047,0,0,,,,,http://4sq.com/cuHE7q
4c940e9bf244b1f702b41e1d,Tapia cianci booty,,37.720157,-122.481735,0,0,,,,,http://4sq.com/bgpnDj
5ac42191ca18ea56279fb443,Fogbank Entertainment,Office,37.79379561887519,-122.39712877976079,0,0,,,,,https://4sq.com/2GySjeq
4aafc57df964a520ab6420e3,Peet's Coffee & Tea,"Coffee Shop, Café",37.793421,-122.397014,0,83,1,7.6,119,http://t.co/a0Sgjn9fPF,http://4sq.com/8wAauM
4b11bda6f964a520918323e3,Eagles Point,Scenic Lookout,37.786713525391306,-122.49481025151098,0,92,,9.2,104,,http://4sq.com/cOfnf5
4d6bfd6dc27aa35df8a50812,Sfsu Hum 108,College Classroom,37.719642,-122.481687,0,0,,,,,http://4sq.com/dUKh5T
4ad7d688f964a520400f21e3,Subculture Dining,,37.75571847420281,-122.39281460828333,0,0,,,,http://www.subculturedining.com,http://4sq.com/cZrs59
4b49123bf964a520b26426e3,Bonair,,37.759156823158264,-122.39297389984131,0,0,,,,,http://4sq.com/9UZcPe
5522e7c5498e0d0481c5cfd1,Icybottom Cafe,Café,37.72076416015625,-122.44629669189453,0,0,1,,,,http://4sq.com/1IDLsdJ
4df3d54bd1649c8a28e48f20,Fleming Golf Course,Golf Course,37.72486659802136,-122.49372551680322,0,14,,8.6,14,,http://4sq.com/iKwggD
4dbca3b64b222080d397dfaf,Legion of Honor Café,"Café, Snack Place",37.78456840774988,-122.50107716159054,0,22,1,6.7,37,http://legionofhonor.famsf.org/legion/visiting/legion-honor-caf,http://4sq.com/lGftiG
5c05c86e1af852002c60e328,Turo Cafe and Grill,Filipino Restaurant,37.720535,-122.446155,0,0,2,,,http://turocafeandgrill.com,https://4sq.com/2rjd3kf
4e67e6d7a809802675871f9e,Hillwood Academic Day School,Elementary School,37.79332,-122.44011,0,0,,,,http://www.hillwoodschool.com,http://4sq.com/nfa4bx
4a81e373f964a520e2f71fe3,Consulate General of Russia,Embassy / Consulate,37.794954980415106,-122.44480286556916,0,2,,,,http://www.consulrussia.org,http://4sq.com/bi8A2h
4f6a44f3e4b012ec8725c8fe,Coin Laundry Wash & Dry,Laundry Service,37.72042759869126,-122.39633842471287,0,0,,,,,http://4sq.com/GFkS2O
4bbbde40e4529521ef5455a4,San Francyclo,Bike Shop,37.785671,-122.486025,0,0,,,,http://www.sanfrancyclo.com,http://4sq.com/aETPkH
54409532498e9629781be9e9,the presidio,Forest,37.785130804816816,-122.48441751543118,0,2,,,,,http://4sq.com/1wa5O9u
50043438e4b0f448ea4f447f,UNIQLO,Clothing Store,37.78584993862771,-122.4080414382703,0,1061,,8.8,1322,http://www.uniqlo.com,http://4sq.com/O3GECt
51099c1ee4b0ed090fa36052,UC San Francisco,College Administrative Building,37.7890873644626,-122.4879714149811,0,0,,,,,http://4sq.com/11grGDl
509efb06e4b0ca91fb5ba6f1,Emile's,Lounge,37.795104,-122.44564,0,0,3,,,,http://4sq.com/Z6dZnn
5058993c5d24dabaa9bc82cd,Coinstar,Bank,37.7538,-122.4889,0,0,,,,http://www.coinstar.com,http://4sq.com/R6Tkwv
5758dd70498ed513d70a2c5c,Sol Patch Community Garden,Garden,37.724207,-122.484714,0,0,,,,,http://4sq.com/1tboj0u
5bb9607c0802d40039cdeb9a,baker street stairs,Park,37.793011,-122.444854,0,0,,,,,https://4sq.com/2pGoTnA
4e42e30414954644f0b55826,Concentra Urgent Care,Urgent Care Center,37.79375773024885,-122.39703208208084,0,1,,,,https://www.concentra.com/urgent-care-centers/california/bay-area/downtown-san-francisco-urgent-care/,http://4sq.com/oEQq5v
49ff224af964a520db6f1fe3,TPC Harding Park,"Park, Golf Course",37.724829884812515,-122.49370721734053,0,100,,9.3,117,https://tpc.com/hardingpark,http://4sq.com/5eqsmR
52487970498e13cb90132955,Centered Body Pilates,Gym / Fitness Center,37.75795026375536,-122.39501972007693,0,4,,,,http://www.centeredbody.com,http://4sq.com/1bkltMu
4b86d4b0f964a52044a031e3,MUNI 48 Out,Bus Line,37.75518178939819,-122.39294139,0,0,,,,,http://4sq.com/9wbFY7
533241d9498e964b11b196ae,El Burrito Express delivery (EBX),Mexican Restaurant,37.75462051486278,-122.49283503153355,0,0,1,,,,http://4sq.com/1mtTv5e
4f7511ebe4b0ca03a2aedb12,punch buggy!,Moving Target,37.72496795654297,-122.48664855957031,0,0,,,,,http://4sq.com/GYRLII
4bd4bc035631c9b69708a330,Balboa Park - Yelp Softball,Baseball Field,37.72323,-122.444783,0,0,,,,,http://4sq.com/c9udAs
4e6a72a7b61cc3728d994f3c,Christels Crypt,Performing Arts Venue,37.782657047034064,-122.48788851046069,0,0,,,,,http://4sq.com/qTzoyV
520841738bbd790578c84d62,El Camino del Mar & Sea Cliff,Neighborhood,37.788225523771885,-122.48952805995941,0,3,,,,,http://4sq.com/16JSmgS
555f8053498e8d411c6624c2,sentient.ai,Tech Startup,37.79352518327669,-122.39683075387833,0,0,,,,,http://4sq.com/1F1E9t3
53b72b66498e531e3f9e04e5,Hearts in San Francisco Lyon Street Steps,Outdoor Sculpture,37.793488655838345,-122.44615154925133,0,0,,,,,http://4sq.com/1xsuHix
531d35de498ed102aad79151,Terra Cotta Warrior,Chinese Restaurant,37.761117504945446,-122.48961184845514,0,155,1,8.9,203,,http://4sq.com/1i2RVDU
4f713a0ce4b00bcde24cf45c,Wonderland,Miscellaneous Shop,37.71878433227539,-122.50027465820312,0,0,,,,,http://4sq.com/GPJlnT
53c2e823498e1c9f5c75afe9,Massage @ Every Six Weeks,Massage Studio,37.76058705505224,-122.44442090246007,0,1,,,,,http://4sq.com/1EetNs1
445e36bff964a520fb321fe3,Golden Gate Park,Park,37.766854,-122.476821,0,3857,,9.6,4227,http://sfrecpark.org/destination/golden-gate-park/,http://4sq.com/4hmcw7
4adce9a1f964a520756221e3,Tsing Tao Resturant,Chinese Restaurant,37.78164970252959,-122.49259829780061,0,9,1,6.0,20,http://sftsingtao.com,http://4sq.com/bkNYap
4d0a7106ddb8f04d919f33aa,Balboa Park Bart: Food Truck,Food Truck,37.7210010826342,-122.44684269413341,0,1,1,,,,http://4sq.com/hhfxNS
500346ade4b0a4b26db4c58d,Evergreen Baptist Church,Church,37.72098600069337,-122.39509929392295,0,0,,,,,http://4sq.com/NWghjl
4f15f848e4b0a6ade4ccc76e,Physics Office,College Administrative Building,37.75328969574068,-122.49610679142219,0,0,,,,,http://4sq.com/xwpO5F
4bdefb29e75c0f47ec7bc903,Puma House,High School,37.72387504577637,-122.40192174911499,0,0,,,,,http://4sq.com/cPnKht
4c5e541185a1e21e032a5c11,5th Dimension,General Entertainment,37.794667,-122.440099,0,0,,,,,http://4sq.com/bUAN5E
4a71e0b5f964a520c3d91fe3,Le Regency,"Sandwich Place, Deli / Bodega",37.793524705193875,-122.3968236798787,0,12,1,6.6,24,http://www.leregencydeli.com,http://4sq.com/c9R70y
408aff80f964a520c4f21ee3,China Beach,Beach,37.788089862931265,-122.49118566513062,0,159,,8.8,198,,http://4sq.com/aWab0C
5142685fe4b0b2f099a28720,Etsy SF,Tech Startup,37.7935615282591,-122.3970168322261,0,6,,,,,http://4sq.com/10UajZq
4b29dca6f964a520c1a324e3,Johnny's Octagon,,37.791946,-122.442681,0,0,,,,,http://4sq.com/axlp9K
4d235dcc9822a09018d7ffaf,DeHart Bodywork,Spa,37.76122393102426,-122.48994509801335,0,2,,,,,http://4sq.com/elZemA
4c5f09befff99c74619555d3,flophouse,,37.758483,-122.444261,0,0,,,,,http://4sq.com/d7MB7D
4ed5cca29adf5095956f0026,Young Manor,,37.786811,-122.482269,0,0,,,,,http://4sq.com/vDuvjR
51aff256498e4cbc16195617,Acupuncture,Acupuncturist,37.792380307710786,-122.44441537319126,0,0,,,,,http://4sq.com/14icg1a
4e6ceecc483b1f5ebe4a1a8d,H&KMarket,Liquor Store,37.72132836131662,-122.39511035765528,0,0,,,,,http://4sq.com/rrZ99Z
4a776f10f964a52078e41fe3,Coastal Trail,Trail,37.78418314781439,-122.50902235507965,0,116,,9.4,132,,http://4sq.com/an0M9B
4bcfc6b79854d13a64ccf64d,Nito's,,37.75722,-122.44381,0,0,,,,,http://4sq.com/cca60Z
4beb4c7a62c0c9289608e2d4,Twin Peaks Native Plant Restoration,Trail,37.75476386669129,-122.44642293388888,0,7,,7.4,10,,http://4sq.com/ag4GBS
5518f2d4498e18feb9519d03,Tax Helpers,Lawyer,37.7939839,-122.3973981,0,0,,,,https://taxhelpers.com/tax-attorney-san-francisco/,http://4sq.com/1CokTYx
4eb1819c6c25700faa579383,Driskill's Deli,Deli / Bodega,37.72482,-122.49836,0,0,1,,,,http://4sq.com/seT05y
504e44477ab441c6c84d03d8,Billionaire's Row,Road,37.79310066993037,-122.44400024414062,0,4,,,,,http://4sq.com/UdgmQ7
4c0087c2ad15a59329218e73,Alemany Blvd.,Road,37.718343138727626,-122.44288375449878,0,1,,,,,http://4sq.com/b668Vr
4c33873a7cc0c9b648f4f19a,Xconomy San Francisco,Tech Startup,37.757783,-122.393939,0,0,,,,,http://4sq.com/bUKprH
4a79f67df964a52019e81fe3,Taco Bell Express,"Fast Food Restaurant, Mexican Restaurant",37.79370409915568,-122.39645795183644,0,16,1,5.1,42,http://tacobell.com,http://4sq.com/a3FoUB
4f53c85ee4b0ef9672ef8499,Potrero Hill Tennis Courts,Tennis Court,37.75687027613816,-122.39706166935737,0,6,,,,,http://4sq.com/wsK9aN
525895ee498e1b927a27fa6b,Cafe Terminus,"Café, Bar",37.79358516217657,-122.39662506393633,0,103,2,7.4,152,http://terminussf.com,http://4sq.com/19woyWg
502fd205e4b07d6b351c02f1,Balboa Park Bus Stops,Bus Line,37.721126718851345,-122.44738089943603,0,1,,,,,http://4sq.com/Nw78g8
4bd925d92e6f0f4781e70908,The hyphy  lounge,Building,37.715704764759366,-122.49571323394775,0,0,,,,,http://4sq.com/9vOEEH
4eb18d2d775b7cb808f41e46,Charles Schwab Cup,Golf Course,37.72503705280079,-122.49836159320472,0,4,,,,,http://4sq.com/v5BQaV
4be30d07f07b0f4766f3f643,Prometrix,General College & University,37.79328105,-122.39699216923307,0,0,,,,,http://4sq.com/aRLH3I
5ba694d842d8c2002cc5d29c,MUNI bus 8895,Bus Line,37.759076,-122.444928,0,0,,,,,https://4sq.com/2PW3Okg
4bcf5007a8b3a59323fa615f,Production Office CA 111,General College & University,37.72038650512695,-122.483273,0,0,,,,,http://4sq.com/bwMUu8
4cf7310bc020b60c73782475,STTC,College Residence Hall,37.72375611152417,-122.4826985563617,0,0,,,,,http://4sq.com/ii59f1
4c5c80137f661b8d9dbf481c,MUNI Bus Stop - Connecticut & 17th,Bus Station,37.75771645628826,-122.39771030249673,0,0,,,,,http://4sq.com/baZfUv
4ce1971441ed224b4323eb3c,Block 38 B,Residential Building (Apartment / Condo),37.719790080252004,-122.48326497179474,0,0,,,,,http://4sq.com/aIFsRC
4d9fbe62a77d816eed410a09,Yield Wine Bsr,,37.75653487966217,-122.40097036229827,0,0,,,,,http://4sq.com/goWlq9
4b9adc31f964a52002dd35e3,Jimmy's Convenience Store (aka Hollister Store),Convenience Store,37.72139132022858,-122.39392340183258,0,0,,,,,http://4sq.com/9tUMbd
4b60b8caf964a520e9f529e3,Domino's Pizza,Pizza Place,37.75354759991701,-122.49713480472565,0,3,1,6.0,8,https://www.dominos.com/en/?redirect=homepage,http://4sq.com/aPvWVC
4f1cab07e4b064e65d48f8d0,Dorm(:  223,College Residence Hall,37.723266137332125,-122.48322917054193,0,0,,,,,http://4sq.com/wAc6Al
4b3c32dff964a520d28225e3,Cofeys,,37.791866,-122.446361,0,0,,,,,http://4sq.com/8VFffb
4e3d8765ae60454236667cc4,Food Fair,Food Truck,37.71548955945961,-122.50131265713466,0,0,1,,,,http://4sq.com/omhER5
4e43e7382271bdbcf66ce657,Astound Broadband,Building,37.723426841305994,-122.39803667401318,0,0,,,,,http://4sq.com/qDjAET
4ba3dfeff964a520126938e3,Posy Flowers,Flower Shop,37.75844682698911,-122.39570623288259,0,0,,,,,http://4sq.com/bjc5N4
